Cohort,Context,Enrichment
Contemporary,ACA,1.339240506329114
Contemporary,ACC,1.3706920447195787
Contemporary,ACG,0.7680125658320244
Contemporary,ACT,1.5051048692599094
Contemporary,CCA,0.7226186788121882
Contemporary,CCC,1.157398717156932
Contemporary,CCG,2.1785351302121145
Contemporary,CCT,1.0733848195915203
Contemporary,GCA,0.6578321765738543
Contemporary,GCC,0.5147225450672788
Contemporary,GCG,0.6298808093874158
Contemporary,GCT,0.7332033632079831
Contemporary,TCA,0.8942633943234785
Contemporary,TCC,0.780127607956891
Contemporary,TCG,2.326752697444742
Contemporary,TCT,0.9488222718540018
Historical,ACA,1.2362212699649395
Historical,ACC,1.2320294537760565
Historical,ACG,1.0038488507985974
Historical,ACT,1.624819454016961
Historical,CCA,0.6819325251574632
Historical,CCC,1.3575441330244193
Historical,CCG,1.3384651343981302
Historical,CCT,1.0773121312675713
Historical,GCA,0.7763972593322487
Historical,GCC,0.3840259979906916
Historical,GCG,1.189746786131671
Historical,GCT,0.8802267238021035
Historical,TCA,0.890580806479376
Historical,TCC,0.698838534678036
Historical,TCG,1.6317707657014242
Historical,TCT,0.9901646972254686
