Substitution Type,Count_Before,Count_After,Prop_Before (%),Prop_After (%),Absolute_Change (%),P_Value_Raw,Chi2_Stat,Cramers_V,Odds_Ratio,P_Value_Corrected,Symbol
A>C,1791,1487,2.762269039760634,1.707919370585195,-1.0543496691754393,2.372957792878187e-44,195.16367280329607,0.03584398738136799,0.6116706980439863,4.745915585756374e-44,***
A>G,11139,15329,17.179740275764214,17.606386033423306,0.42664575765909163,0.030660453244870933,4.671874061342891,0.00554577681810849,1.0301409742075993,0.030660453244870933,*
A>T,4795,3681,7.395354576020235,4.227875725033021,-3.167478850987214,8.579100730904353e-156,707.0923283100317,0.06822678190985078,0.5527857823652812,1.0294920877085224e-154,***
C>A,1430,1247,2.2054967765816342,1.432263251593637,-0.7732335249879971,1.1830922027853992e-29,127.89553260239433,0.02901646563685931,0.6443117953150813,1.774638304178099e-29,***
C>G,584,534,0.9007063758906814,0.6133348647562167,-0.2873715111344647,1.1113198142834773e-10,41.61509344300226,0.01655168686780196,0.6789798034214676,1.3335837771401727e-10,***
C>T,12940,21753,19.957432369906535,24.98478148509734,5.027349115190805,7.3220461832179186e-118,532.6950334722858,0.05921832898209269,1.3358033312647148,4.393227709930752e-117,***
G>A,9994,13825,15.413800549060735,15.878941021076207,0.46514047201547193,0.013937264284259163,6.046072501735532,0.006308897911535433,1.0358731623463429,0.015204288310100905,*
G>C,572,409,0.8821987106326538,0.4697639694481135,-0.41243474118454027,4.447029230872812e-23,97.87918905396599,0.02538411377913361,0.5302856935807915,5.929372307830416e-23,***
G>T,1652,1398,2.547888583855147,1.6056968931258255,-0.9421916907293213,3.034993838445094e-38,167.1935252164618,0.03317619323368884,0.6241722163619585,5.20284658019159e-38,***
T>A,4552,4036,7.020574354545174,4.635617067708035,-2.38495728683714,4.4165428071111033e-88,395.84663143710264,0.05104818450040989,0.6437771620693394,1.7666171228444413e-87,***
T>C,13514,21888,20.842715691415528,25.139838052030093,4.297122360614566,1.970021098341697e-85,383.6768148447526,0.05025735201411916,1.2754055282105645,5.910063295025092e-85,***
T>G,1875,1478,2.891822696566828,1.6975822661230113,-1.1942404304438168,3.2211303516588493e-55,244.9840376721855,0.04015926156552921,0.5798968784200093,7.730712843981238e-55,***
